S No,Player Name,Player_Type,Player_Speciality,Player Image,Total Impact,Impact/Match,Matches,Runs,Wickets,Batting Impact,Batting Impact/Innings,Batted Innings,Runs,Impact Runs,Bowling Impact,Bowling Impact per Match,Bowled Innings,Wickets,Impact Wickets
152,Aaron Hardie,Overseas,Not Specified,_,-,-,-,-,-,#N/A,#N/A,#N/A,#N/A,#N/A,#N/A,#N/A,#N/A,#N/A,#N/A
115,Abdul Samad,Indian,Batter,"https://img1.hscicdn.com/image/upload/f_auto,t_h_100/lsci/db/PICTURES/CMS/339100/339145.1.png",128.3,9.8,13,164,,130.3,10.8,12,164,160.9,#N/A,#N/A,#N/A,#N/A,#N/A
221,Abhinandan Singh,Indian,Not Specified,_,-,-,-,-,-,#N/A,#N/A,#N/A,#N/A,#N/A,#N/A,#N/A,#N/A,#N/A,#N/A
172,Abhinav Manohar,Indian,Batter,"https://img1.hscicdn.com/image/upload/f_auto,t_h_100/lsci/db/PICTURES/CMS/399200/399248.2.png",-4.7,-0.6,8,61,,-4.7,-1,5,61,38.1,#N/A,#N/A,#N/A,#N/A,#N/A
23,Abhishek Sharma,Indian,Batter,"https://img1.hscicdn.com/image/upload/f_auto,t_h_100/lsci/db/PICTURES/CMS/358000/358037.1.png",524.7,37.4,14,439,,520.9,40,13,439,502.3,#N/A,#N/A,#N/A,#N/A,#N/A
67,Abishek Porel,Indian,WK,"https://img1.hscicdn.com/image/upload/f_auto,t_h_100/lsci/db/PICTURES/CMS/393400/393462.2.png",259.5,19.9,13,301,,259.5,19.9,13,301,307.1,#N/A,#N/A,#N/A,#N/A,#N/A
71,Adam Zampa,Overseas,Bowler,"https://img1.hscicdn.com/image/upload/f_auto,t_h_100/lsci/db/PICTURES/CMS/321500/321549.1.png",15.8,7.9,2,0,2,#N/A,#N/A,#N/A,#N/A,#N/A,15.8,7.9,2,2,1.4
26,Aiden Markram,Overseas,Batter,"https://img1.hscicdn.com/image/upload/f_auto,t_h_100/lsci/db/PICTURES/CMS/322000/322067.1.png",402.8,30.9,13,445,4,346.4,26.6,13,445,436.9,56.4,11.2,5,4,5.9
188,Ajay Mandal,Indian,Not Specified,_,-,-,-,-,-,#N/A,#N/A,#N/A,#N/A,#N/A,#N/A,#N/A,#N/A,#N/A,#N/A
102,Ajinkya Rahane,Indian,Batter,"https://img1.hscicdn.com/image/upload/f_auto,t_h_100/lsci/db/PICTURES/CMS/316600/316620.3.png",358,27.5,13,390,,358,29.8,12,390,402.6,#N/A,#N/A,#N/A,#N/A,#N/A
126,Akash Deep,Indian,Bowler,"https://img1.hscicdn.com/image/upload/f_auto,t_h_100/lsci/db/PICTURES/CMS/356800/356814.1.png",90.3,15,6,6,3,13.7,6.8,2,6,8.9,76.5,12.7,6,3,4.3
70,Akash Madhwal,Indian,Bowler,"https://img1.hscicdn.com/image/upload/f_auto,t_h_100/lsci/db/PICTURES/CMS/381300/381394.1.png",92.6,23.1,4,4,4,2.6,2.6,1,4,4,89.9,22.4,4,4,4.2
209,Akash Singh,Indian,Not Specified,"https://img1.hscicdn.com/image/upload/f_auto,t_h_100/lsci/db/PICTURES/CMS/299000/299091.5.png",168.4,56.1,3,0,4,#N/A,#N/A,#N/A,#N/A,#N/A,168.4,56.1,3,4,6.5
25,Andre Russell,Overseas,All Rounder,"https://img1.hscicdn.com/image/upload/f_auto,t_h_100/lsci/db/PICTURES/CMS/316600/316615.1.png",297.6,22.8,13,167,8,193.2,19.3,10,167,182.2,104.3,11.5,9,8,7.2
214,Andre Siddarth,Indian,Not Specified,_,-,-,-,-,-,#N/A,#N/A,#N/A,#N/A,#N/A,#N/A,#N/A,#N/A,#N/A,#N/A
181,Angkrish Raghuvanshi,Indian,Batter,"https://img1.hscicdn.com/image/upload/f_auto,t_h_100/lsci/db/PICTURES/CMS/345000/345093.1.png",227.5,18.9,12,300,,227.5,20.6,11,300,295.9,#N/A,#N/A,#N/A,#N/A,#N/A
195,Aniket Verma,Indian,Not Specified,"https://img1.hscicdn.com/image/upload/f_auto,t_h_100/lsci/db/PICTURES/CMS/399200/399246.2.png",269.5,19.2,14,236,,269.5,22.4,12,236,283.2,#N/A,#N/A,#N/A,#N/A,#N/A
134,Anrich Nortje,Overseas,Bowler,"https://img1.hscicdn.com/image/upload/f_auto,t_h_100/lsci/db/PICTURES/CMS/322000/322080.1.png",13.8,6.9,2,0,1,#N/A,#N/A,#N/A,#N/A,#N/A,13.8,6.9,2,1,1.5
225,Anshul Kamboj,Indian,Bowler,"https://img1.hscicdn.com/image/upload/f_auto,t_h_100/lsci/db/PICTURES/CMS/381300/381389.1.png",211,26.3,8,14,8,8.2,1.6,5,14,9.9,202.8,25.3,8,8,10.7
223,Anuj Rawat,Indian,Not Specified,_,-,-,-,-,-,#N/A,#N/A,#N/A,#N/A,#N/A,#N/A,#N/A,#N/A,#N/A,#N/A
224,Anukul Roy,Indian,Not Specified,"https://img1.hscicdn.com/image/upload/f_auto,t_h_100/lsci/db/PICTURES/CMS/341000/341041.1.png",45.2,45.2,1,0,1,-1.1,-1.1,1,0,-1,46.3,46.3,1,1,1.5
161,Arjun Tendulkar,Indian,All Rounder,_,-,-,-,-,-,#N/A,#N/A,#N/A,#N/A,#N/A,#N/A,#N/A,#N/A,#N/A,#N/A
215,Arshad Khan,Indian,Bowler,"https://img1.hscicdn.com/image/upload/f_auto,t_h_100/lsci/db/PICTURES/CMS/398600/398617.5.png",186.6,20.7,9,23,6,5.2,1,5,23,18.6,181.3,20.1,9,6,9
15,Arshdeep Singh,Indian,Bowler,"https://img1.hscicdn.com/image/upload/f_auto,t_h_100/lsci/db/PICTURES/CMS/390700/390798.5.png",563,33.1,17,2,21,1.3,0.6,2,2,2.2,561.7,35.1,16,21,23.4
191,Arshin Kulkarni,Indian,Not Specified,_,-,-,-,-,-,#N/A,#N/A,#N/A,#N/A,#N/A,#N/A,#N/A,#N/A,#N/A,#N/A
193,Aryan Juyal,Indian,Not Specified,_,-,-,-,-,-,#N/A,#N/A,#N/A,#N/A,#N/A,#N/A,#N/A,#N/A,#N/A,#N/A
148,Ashok Sharma,Indian,Not Specified,_,-,-,-,-,-,#N/A,#N/A,#N/A,#N/A,#N/A,#N/A,#N/A,#N/A,#N/A,#N/A
173,Ashutosh Sharma,Indian,Batter,"https://img1.hscicdn.com/image/upload/f_auto,t_h_100/lsci/db/PICTURES/CMS/380600/380694.1.png",228.4,17.5,13,204,,228.4,25.3,9,204,220.9,#N/A,#N/A,#N/A,#N/A,#N/A
203,Ashwani Kumar,Indian,Not Specified,"https://img1.hscicdn.com/image/upload/f_auto,t_h_100/lsci/db/PICTURES/CMS/393400/393450.2.png",201.3,28.7,7,0,11,#N/A,#N/A,#N/A,#N/A,#N/A,201.3,28.7,7,11,14.3
111,Atharva Taide,Indian,Not Specified,"https://img1.hscicdn.com/image/upload/f_auto,t_h_100/lsci/db/PICTURES/CMS/358000/358044.1.png",10.7,10.7,1,13,,10.7,10.7,1,13,11.9,#N/A,#N/A,#N/A,#N/A,#N/A
43,Avesh Khan,Indian,Bowler,"https://img1.hscicdn.com/image/upload/f_auto,t_h_100/lsci/db/PICTURES/CMS/322200/322244.1.png",380.9,29.3,13,21,13,15.2,3.8,4,21,21,365.6,28.1,13,13,18.1
19,Axar Patel,Indian,All Rounder,"https://img1.hscicdn.com/image/upload/f_auto,t_h_100/lsci/db/PICTURES/CMS/331100/331164.2.png",485.6,40.4,12,263,5,264.2,24,11,263,278.1,221.4,20.1,11,5,8.1
74,Ayush Badoni,Indian,Batter,"https://img1.hscicdn.com/image/upload/f_auto,t_h_100/lsci/db/PICTURES/CMS/392000/392090.5.png",220.5,15.7,14,329,2,213.5,19.4,11,329,310.6,6.9,3.4,2,2,0.6
228,Ayush Mhatre,Indian,Batter,"https://img1.hscicdn.com/image/upload/f_auto,t_h_100/lsci/db/PICTURES/CMS/390300/390331.2.png",250.7,35.8,7,240,,250.7,35.8,7,240,275.5,#N/A,#N/A,#N/A,#N/A,#N/A
72,Azmatullah Omarzai,Overseas,All Rounder,"https://img1.hscicdn.com/image/upload/f_auto,t_h_100/lsci/db/PICTURES/CMS/383200/383229.1.png",237.8,26.4,9,57,8,40.9,8.1,5,57,50.5,196.9,24.6,8,8,9.3
154,Bevon Jacobs,Overseas,Not Specified,_,-,-,-,-,-,#N/A,#N/A,#N/A,#N/A,#N/A,#N/A,#N/A,#N/A,#N/A,#N/A
63,Bhuvneshwar Kumar,Indian,Bowler,"https://img1.hscicdn.com/image/upload/f_auto,t_h_100/lsci/db/PICTURES/CMS/392400/392400.2.png",512.5,36.6,14,14,17,-6.3,-1.1,6,14,-1.6,518.7,37,14,17,24.5
104,Brydon Carse,Overseas,Bowler,_,-,-,-,-,-,#N/A,#N/A,#N/A,#N/A,#N/A,#N/A,#N/A,#N/A,#N/A,#N/A
228,Chetan Sakariya,Indian,Bowler,"https://img1.hscicdn.com/image/upload/f_auto,t_h_100/lsci/db/PICTURES/CMS/380600/380674.5.png",-7.6,-7.6,1,0,,#N/A,#N/A,#N/A,#N/A,#N/A,#N/A,#N/A,#N/A,#N/A,#N/A
228,Corbin Bosch,Overseas,All Rounder,"https://img1.hscicdn.com/image/upload/f_auto,t_h_100/lsci/db/PICTURES/CMS/393600/393647.2.png",59.2,19.7,3,47,1,47.1,23.5,2,47,49.5,12,6,2,1,0.3
153,Darshan Nalkande,Indian,Not Specified,_,-,-,-,-,-,#N/A,#N/A,#N/A,#N/A,#N/A,#N/A,#N/A,#N/A,#N/A,#N/A
87,David Miller,Overseas,Batter,"https://img1.hscicdn.com/image/upload/f_auto,t_h_100/lsci/db/PICTURES/CMS/316600/316655.1.png",47.5,4.3,11,153,,47.5,4.3,11,153,114.8,#N/A,#N/A,#N/A,#N/A,#N/A
51,Deepak Chahar,Indian,Bowler,"https://img1.hscicdn.com/image/upload/f_auto,t_h_100/lsci/db/PICTURES/CMS/322700/322704.1.png",343.2,24.5,14,37,11,49,12.2,4,37,41.8,294.2,21,14,11,16.1
174,Deepak Hooda,Indian,Batter,"https://img1.hscicdn.com/image/upload/f_auto,t_h_100/lsci/db/PICTURES/CMS/345000/345083.1.png",-7.8,-1.2,7,31,,-3.9,-0.8,5,31,15.7,#N/A,#N/A,#N/A,#N/A,#N/A
140,Devdutt Padikkal,Indian,Batter,"https://img1.hscicdn.com/image/upload/f_auto,t_h_100/lsci/db/PICTURES/CMS/322200/322229.1.png",224.9,22.4,10,247,,224.9,22.4,10,247,251.3,#N/A,#N/A,#N/A,#N/A,#N/A
83,Devon Conway,Overseas,Batter,"https://img1.hscicdn.com/image/upload/f_auto,t_h_100/lsci/db/PICTURES/CMS/383100/383148.1.png",96.2,16,6,156,,96.2,16,6,156,138.4,#N/A,#N/A,#N/A,#N/A,#N/A
228,Dewald Brevis,Overseas,Batter,"https://img1.hscicdn.com/image/upload/f_auto,t_h_100/lsci/db/PICTURES/CMS/335100/335134.1.png",259.8,43.3,6,225,,259.8,43.3,6,225,265.6,#N/A,#N/A,#N/A,#N/A,#N/A
68,Dhruv Jurel,Indian,WK,"https://img1.hscicdn.com/image/upload/f_auto,t_h_100/lsci/db/PICTURES/CMS/340300/340310.1.png",240,17.1,14,333,,240,18.4,13,333,307.8,#N/A,#N/A,#N/A,#N/A,#N/A
228,Digvesh Rathi,Indian,Bowler,"https://img1.hscicdn.com/image/upload/f_auto,t_h_100/lsci/db/PICTURES/CMS/398600/398608.5.png",494.6,38,13,1,14,0.6,0.3,2,1,1,493.9,37.9,13,14,19.5
207,Digvesh Singh,Indian,Bowler,_,-,-,-,-,-,#N/A,#N/A,#N/A,#N/A,#N/A,#N/A,#N/A,#N/A,#N/A,#N/A
106,Donovan Ferreira,Overseas,All Rounder,"https://img1.hscicdn.com/image/upload/f_auto,t_h_100/lsci/db/PICTURES/CMS/391700/391782.2.png",-6.7,-6.7,1,1,,-6.7,-6.7,1,1,-3.1,#N/A,#N/A,#N/A,#N/A,#N/A
147,Dushmantha Chameera,Overseas,Bowler,"https://img1.hscicdn.com/image/upload/f_auto,t_h_100/lsci/db/PICTURES/CMS/319800/319862.2.png",70.6,11.7,6,10,4,3.7,1.2,3,10,7.7,66.9,13.3,5,4,5.1
146,Eshan Malinga,Overseas,Bowler,"https://img1.hscicdn.com/image/upload/f_auto,t_h_100/lsci/db/PICTURES/CMS/399200/399252.2.png",246.8,35.2,7,0,13,#N/A,#N/A,#N/A,#N/A,#N/A,246.8,35.2,7,13,12.8
94,Faf du Plessis,Overseas,Batter,"https://img1.hscicdn.com/image/upload/f_auto,t_h_100/lsci/db/PICTURES/CMS/316500/316559.1.png",134.5,14.9,9,202,,134.5,14.9,9,202,188.4,#N/A,#N/A,#N/A,#N/A,#N/A
116,Fazalhaq Farooqi,Overseas,Bowler,"https://img1.hscicdn.com/image/upload/f_auto,t_h_100/lsci/db/PICTURES/CMS/383200/383236.1.png",-19.6,-4,5,2,,1.2,1.2,1,2,1.9,#N/A,#N/A,#N/A,#N/A,#N/A
65,Gerald Coetzee,Overseas,All Rounder,"https://img1.hscicdn.com/image/upload/f_auto,t_h_100/lsci/db/PICTURES/CMS/348500/348579.1.png",81.5,20.3,4,17,2,24,12,2,17,21,57.4,14.3,4,2,3
50,Glenn Maxwell,Indian,All Rounder,"https://img1.hscicdn.com/image/upload/f_auto,t_h_100/lsci/db/PICTURES/CMS/389500/389563.5.png",137.4,19.6,7,48,4,-3.2,-0.6,6,48,32.7,140.5,23.4,6,4,5.7
76,Glenn Phillips,Overseas,All Rounder,_,-,-,-,-,-,#N/A,#N/A,#N/A,#N/A,#N/A,#N/A,#N/A,#N/A,#N/A,#N/A
204,Gurjapneet Singh,Indian,Not Specified,_,-,-,-,-,-,#N/A,#N/A,#N/A,#N/A,#N/A,#N/A,#N/A,#N/A,#N/A,#N/A
200,Gurnoor Brar,Indian,Not Specified,_,-,-,-,-,-,#N/A,#N/A,#N/A,#N/A,#N/A,#N/A,#N/A,#N/A,#N/A,#N/A
4,Hardik Pandya,Indian,All Rounder,"https://img1.hscicdn.com/image/upload/f_auto,t_h_100/lsci/db/PICTURES/CMS/388300/388343.5.png",372,24.8,15,224,14,146.4,12.2,12,224,211.9,225.6,16.1,14,14,17.2
212,Harnoor Singh,Indian,Not Specified,_,-,-,-,-,-,#N/A,#N/A,#N/A,#N/A,#N/A,#N/A,#N/A,#N/A,#N/A,#N/A
125,Harpreet Brar,Indian,Bowler,"https://img1.hscicdn.com/image/upload/f_auto,t_h_100/lsci/db/PICTURES/CMS/381300/381368.1.png",293.6,36.7,8,11,10,10.2,5.1,2,11,10.4,283.4,40.4,7,10,13.3
113,Harry Brook,Overseas,Batter,_,-,-,-,-,-,#N/A,#N/A,#N/A,#N/A,#N/A,#N/A,#N/A,#N/A,#N/A,#N/A
228,Harsh Dubey,Indian,Batter,"https://img1.hscicdn.com/image/upload/f_auto,t_h_100/lsci/db/PICTURES/CMS/401100/401146.2.png",96.6,32.2,3,0,5,#N/A,#N/A,#N/A,#N/A,#N/A,96.6,32.2,3,5,5.2
91,Harshal Patel,Indian,Bowler,"https://img1.hscicdn.com/image/upload/f_auto,t_h_100/lsci/db/PICTURES/CMS/381300/381372.1.png",359.6,27.6,13,21,16,0.2,0,4,21,8,359.3,27.6,13,16,18.8
62,Harshit Rana,Indian,Bowler,"https://img1.hscicdn.com/image/upload/f_auto,t_h_100/lsci/db/PICTURES/CMS/358000/358042.3.png",335,25.7,13,57,15,22.5,3.2,7,57,40.8,312.4,24,13,15,19.7
36,Heinrich Klaasen,Overseas,WK,"https://img1.hscicdn.com/image/upload/f_auto,t_h_100/lsci/db/PICTURES/CMS/322000/322073.1.png",420.3,30,14,487,,420.3,32.3,13,487,518.8,#N/A,#N/A,#N/A,#N/A,#N/A
150,Himmat Singh,Indian,Not Specified,"https://img1.hscicdn.com/image/upload/f_auto,t_h_100/lsci/db/PICTURES/CMS/199700/199729.jpg",0,0,3,0,,#N/A,#N/A,#N/A,#N/A,#N/A,#N/A,#N/A,#N/A,#N/A,#N/A
58,Ishan Kishan,Indian,WK,"https://img1.hscicdn.com/image/upload/f_auto,t_h_100/lsci/db/PICTURES/CMS/331100/331165.1.png",232.3,16.5,14,354,,233.8,17.9,13,354,334.3,#N/A,#N/A,#N/A,#N/A,#N/A
117,Ishant Sharma,Indian,Bowler,"https://img1.hscicdn.com/image/upload/f_auto,t_h_100/lsci/db/PICTURES/CMS/316600/316602.3.png",58.8,8.4,7,0,4,#N/A,#N/A,#N/A,#N/A,#N/A,58.8,8.4,7,4,4.6
84,Jacob Bethell,Overseas,Batter,"https://img1.hscicdn.com/image/upload/f_auto,t_h_100/lsci/db/PICTURES/CMS/388700/388704.5.png",63.6,31.8,2,67,,63.6,31.8,2,67,69.4,#N/A,#N/A,#N/A,#N/A,#N/A
97,Jake Fraser-McGurk,Overseas,Batter,"https://img1.hscicdn.com/image/upload/f_auto,t_h_100/lsci/db/PICTURES/CMS/387500/387523.6.png",15.6,2.6,6,55,,15.6,2.6,6,55,40.4,#N/A,#N/A,#N/A,#N/A,#N/A
162,Jamie Overton,Overseas,All Rounder,"https://img1.hscicdn.com/image/upload/f_auto,t_h_100/lsci/db/PICTURES/CMS/324200/324243.1.png",-9.5,-3.2,3,15,,19.6,9.8,2,15,16.7,#N/A,#N/A,#N/A,#N/A,#N/A
22,Jasprit Bumrah,Indian,Bowler,"https://img1.hscicdn.com/image/upload/f_auto,t_h_100/lsci/db/PICTURES/CMS/319900/319940.2.png",502.8,41.9,12,0,18,#N/A,#N/A,#N/A,#N/A,#N/A,502.8,41.9,12,18,20.2
155,Jayant Yadav,Indian,Bowler,_,-,-,-,-,-,#N/A,#N/A,#N/A,#N/A,#N/A,#N/A,#N/A,#N/A,#N/A,#N/A
123,Jaydev Unadkat,Indian,Bowler,"https://img1.hscicdn.com/image/upload/f_auto,t_h_100/lsci/db/PICTURES/CMS/399700/399715.2.png",201.1,28.7,7,0,11,#N/A,#N/A,#N/A,#N/A,#N/A,201.1,28.7,7,11,10.7
100,Jitesh Sharma,Indian,WK,"https://img1.hscicdn.com/image/upload/f_auto,t_h_100/lsci/db/PICTURES/CMS/380600/380690.1.png",268.6,17.9,15,261,,268.6,24.4,11,261,270.2,#N/A,#N/A,#N/A,#N/A,#N/A
85,Jofra Archer,Overseas,Bowler,"https://img1.hscicdn.com/image/upload/f_auto,t_h_100/lsci/db/PICTURES/CMS/383100/383146.1.png",423.8,35.3,12,63,11,49.6,7,7,63,62,374.1,31.1,12,11,15
228,Jonny Bairstow,Overseas,Batter,"https://img1.hscicdn.com/image/upload/f_auto,t_h_100/lsci/db/PICTURES/CMS/383100/383157.1.png",102.8,51.4,2,85,,102.8,51.4,2,85,95.7,#N/A,#N/A,#N/A,#N/A,#N/A
13,Jos Buttler,Overseas,WK,"https://img1.hscicdn.com/image/upload/f_auto,t_h_100/lsci/db/PICTURES/CMS/383100/383143.1.png",488.2,34.8,14,538,,488.2,37.5,13,538,531.4,#N/A,#N/A,#N/A,#N/A,#N/A
98,Josh Hazlewood,Overseas,Bowler,"https://img1.hscicdn.com/image/upload/f_auto,t_h_100/lsci/db/PICTURES/CMS/390900/390976.5.png",563.3,46.9,12,0,22,-0.5,-0.5,1,0,-1,563.7,46.9,12,22,30
127,Josh Inglis,Overseas,WK,"https://img1.hscicdn.com/image/upload/f_auto,t_h_100/lsci/db/PICTURES/CMS/324200/324232.2.png",321.7,29.2,11,278,,321.7,29.2,11,278,311.6,#N/A,#N/A,#N/A,#N/A,#N/A
49,Kagiso Rabada,Overseas,Bowler,"https://img1.hscicdn.com/image/upload/f_auto,t_h_100/lsci/db/PICTURES/CMS/320300/320376.1.png",48.2,12,4,9,2,6.8,3.4,2,9,8.1,41.4,10.3,4,2,2
107,Kamindu Mendis,Overseas,Batter,"https://img1.hscicdn.com/image/upload/f_auto,t_h_100/lsci/db/PICTURES/CMS/329900/329938.1.png",117.7,23.5,5,92,2,76.9,15.3,5,92,95.8,40.8,10.2,4,2,1.9
208,Kamlesh Nagarkoti,Indian,Not Specified,_,-,-,-,-,-,#N/A,#N/A,#N/A,#N/A,#N/A,#N/A,#N/A,#N/A,#N/A,#N/A
142,Karim Janat,Overseas,All Rounder,"https://img1.hscicdn.com/image/upload/f_auto,t_h_100/lsci/db/PICTURES/CMS/383200/383232.1.png",-19.5,-19.5,1,0,,#N/A,#N/A,#N/A,#N/A,#N/A,#N/A,#N/A,#N/A,#N/A,#N/A
114,Karn Sharma,Indian,Bowler,"https://img1.hscicdn.com/image/upload/f_auto,t_h_100/lsci/db/PICTURES/CMS/399200/399232.2.png",109.1,18.1,6,1,7,0.3,0.3,1,1,0.6,108.8,21.7,5,7,6.3
118,Karun Nair,Indian,Batter,"https://img1.hscicdn.com/image/upload/f_auto,t_h_100/lsci/db/PICTURES/CMS/399200/399231.5.png",191.3,23.9,8,198,,191.3,23.9,8,198,212.1,#N/A,#N/A,#N/A,#N/A,#N/A
133,Khaleel Ahmed,Indian,Bowler,"https://img1.hscicdn.com/image/upload/f_auto,t_h_100/lsci/db/PICTURES/CMS/322200/322268.1.png",347.4,24.8,14,1,15,-0.2,-0.1,2,1,-0.3,347.6,24.8,14,15,20.7
18,KL Rahul,Indian,WK,"https://img1.hscicdn.com/image/upload/f_auto,t_h_100/lsci/db/PICTURES/CMS/319900/319942.3.png",460,35.3,13,539,,460,35.3,13,539,544.8,#N/A,#N/A,#N/A,#N/A,#N/A
194,Krishnan Shrijith,Indian,Not Specified,_,-,-,-,-,-,#N/A,#N/A,#N/A,#N/A,#N/A,#N/A,#N/A,#N/A,#N/A,#N/A
101,Krunal Pandya,Indian,All Rounder,"https://img1.hscicdn.com/image/upload/f_auto,t_h_100/lsci/db/PICTURES/CMS/322600/322614.1.png",642.3,42.8,15,109,17,88.2,12.6,7,109,104.2,554,36.9,15,17,22.7
222,Kuldeep Sen,Indian,Bowler,_,-,-,-,-,-,#N/A,#N/A,#N/A,#N/A,#N/A,#N/A,#N/A,#N/A,#N/A,#N/A
33,Kuldeep Yadav,Indian,Bowler,"https://img1.hscicdn.com/image/upload/f_auto,t_h_100/lsci/db/PICTURES/CMS/319900/319943.2.png",592.5,42.3,14,18,15,14.5,2.9,5,18,16.4,577.9,44.4,13,15,19.7
199,Kulwant Khejroliya,Indian,Not Specified,"https://img1.hscicdn.com/image/upload/f_auto,t_h_100/lsci/db/PICTURES/CMS/358000/358043.1.png",22.1,22.1,1,0,1,#N/A,#N/A,#N/A,#N/A,#N/A,22.1,22.1,1,1,1.4
159,Kumar Kartikeya,Indian,Not Specified,"https://img1.hscicdn.com/image/upload/f_auto,t_h_100/lsci/db/PICTURES/CMS/359700/359773.1.png",52.5,13.1,4,3,2,1.1,0.5,2,3,2.4,51.3,12.8,4,2,2.7
196,Kumar Kushagra,Indian,Not Specified,_,-,-,-,-,-,#N/A,#N/A,#N/A,#N/A,#N/A,#N/A,#N/A,#N/A,#N/A,#N/A
198,Kunal Singh Rathore,Indian,Not Specified,"https://img1.hscicdn.com/image/upload/f_auto,t_h_100/lsci/db/PICTURES/CMS/398200/398223.5.png",-14.6,-14.6,1,0,,-14.6,-14.6,1,0,-6.9,#N/A,#N/A,#N/A,#N/A,#N/A
228,Kusal Mendis,Overseas,Batter,"https://img1.hscicdn.com/image/upload/f_auto,t_h_100/lsci/db/PICTURES/CMS/319800/319866.2.png",20.2,20.2,1,20,,20.2,20.2,1,20,24.6,#N/A,#N/A,#N/A,#N/A,#N/A
105,Kwena Maphaka,Overseas,Bowler,"https://img1.hscicdn.com/image/upload/f_auto,t_h_100/lsci/db/PICTURES/CMS/339500/339569.6.png",47.2,23.6,2,8,1,8.3,8.3,1,8,8,38.8,19.4,2,1,1.9
228,Kyle Jamieson,Overseas,Bowler,"https://img1.hscicdn.com/image/upload/f_auto,t_h_100/lsci/db/PICTURES/CMS/321200/321236.1.png",153.8,38.4,4,0,5,-4.3,-2.2,2,0,-5,158,39.5,4,5,7.3
60,Liam Livingstone,Overseas,All Rounder,"https://img1.hscicdn.com/image/upload/f_auto,t_h_100/lsci/db/PICTURES/CMS/383100/383152.1.png",108.6,10.8,10,112,2,83.9,10.4,8,112,103.3,24.7,4.9,5,2,1.2
144,Lizaad Williams,Overseas,Not Specified,_,-,-,-,-,-,#N/A,#N/A,#N/A,#N/A,#N/A,#N/A,#N/A,#N/A,#N/A,#N/A
227,Lockie Ferguson,Overseas,Bowler,"https://img1.hscicdn.com/image/upload/f_auto,t_h_100/lsci/db/PICTURES/CMS/383100/383174.1.png",122.5,30.6,4,4,5,3.1,3.1,1,4,4,119.4,29.8,4,5,6.3
78,Lungi Ngidi,Overseas,Bowler,"https://img1.hscicdn.com/image/upload/f_auto,t_h_100/lsci/db/PICTURES/CMS/322000/322069.1.png",135.8,67.9,2,0,4,#N/A,#N/A,#N/A,#N/A,#N/A,135.8,67.9,2,4,6.5
216,Luvnith Sisodia,Indian,Not Specified,_,-,-,-,-,-,#N/A,#N/A,#N/A,#N/A,#N/A,#N/A,#N/A,#N/A,#N/A,#N/A
228,M Shahrukh Khan,Indian,Batter,"https://img1.hscicdn.com/image/upload/f_auto,t_h_100/lsci/db/PICTURES/CMS/359700/359756.1.png",203.9,13.5,15,179,1,176.8,16,11,179,184.3,27.1,27.1,1,1,1.7
156,M Siddharth,Indian,Not Specified,_,-,-,-,-,-,#N/A,#N/A,#N/A,#N/A,#N/A,#N/A,#N/A,#N/A,#N/A,#N/A
186,Madhav Tiwari,Indian,Not Specified,"https://img1.hscicdn.com/image/upload/f_auto,t_h_100/lsci/db/PICTURES/CMS/397400/397423.7.png",1.2,1.2,1,3,,1.2,1.2,1,3,2.7,#N/A,#N/A,#N/A,#N/A,#N/A
44,Maheesh Theekshana,Overseas,Bowler,"https://img1.hscicdn.com/image/upload/f_auto,t_h_100/lsci/db/PICTURES/CMS/347800/347825.1.png",291,26.4,11,10,11,-1,-0.3,4,10,5.8,292,26.5,11,11,13.5
168,Mahipal Lomror,Indian,Batter,_,-,-,-,-,-,#N/A,#N/A,#N/A,#N/A,#N/A,#N/A,#N/A,#N/A,#N/A,#N/A
206,Manav Suthar,Indian,Not Specified,_,-,-,-,-,-,#N/A,#N/A,#N/A,#N/A,#N/A,#N/A,#N/A,#N/A,#N/A,#N/A
228,Manimaran Siddharth,Indian,Bowler,"https://img1.hscicdn.com/image/upload/f_auto,t_h_100/lsci/db/PICTURES/CMS/330900/330975.5.png",38.4,19.2,2,0,2,#N/A,#N/A,#N/A,#N/A,#N/A,38.4,19.2,2,2,3
135,Manish Pandey,Indian,Batter,"https://img1.hscicdn.com/image/upload/f_auto,t_h_100/lsci/db/PICTURES/CMS/323000/323052.1.png",71.5,23.8,3,92,,71.5,23.8,3,92,92.4,#N/A,#N/A,#N/A,#N/A,#N/A
219,Manoj Bhandage,Indian,Not Specified,"https://img1.hscicdn.com/image/upload/f_auto,t_h_100/lsci/db/PICTURES/CMS/359700/359766.1.png",-3,-3,1,1,,-3,-3,1,1,-2,#N/A,#N/A,#N/A,#N/A,#N/A
182,Manvanth Kumar,Indian,Not Specified,_,-,-,-,-,-,#N/A,#N/A,#N/A,#N/A,#N/A,#N/A,#N/A,#N/A,#N/A,#N/A
46,Marco Jansen,Overseas,All Rounder,"https://img1.hscicdn.com/image/upload/f_auto,t_h_100/lsci/db/PICTURES/CMS/337100/337189.1.png",421.8,30.1,14,75,16,27.6,3.4,8,75,56.6,394.1,28.1,14,16,18.2
28,Marcus Stoinis,Overseas,All Rounder,"https://img1.hscicdn.com/image/upload/f_auto,t_h_100/lsci/db/PICTURES/CMS/321500/321596.2.png",215.3,16.5,13,160,1,198.3,18,11,160,180.2,16.9,1.8,9,1,1.7
54,Matheesha Pathirana,Overseas,Bowler,"https://img1.hscicdn.com/image/upload/f_auto,t_h_100/lsci/db/PICTURES/CMS/355400/355402.1.png",251.2,20.9,12,0,13,#N/A,#N/A,#N/A,#N/A,#N/A,251.2,20.9,12,13,13.2
109,Matthew Breetzke,Overseas,Batter,"https://img1.hscicdn.com/image/upload/f_auto,t_h_100/lsci/db/PICTURES/CMS/388400/388422.5.png",-2.4,-2.4,1,14,,-2.4,-2.4,1,14,7.3,#N/A,#N/A,#N/A,#N/A,#N/A
228,Mayank Agarwal,Indian,Batter,"https://img1.hscicdn.com/image/upload/f_auto,t_h_100/lsci/db/PICTURES/CMS/391200/391289.2.png",68.9,17.2,4,95,,68.9,17.2,4,95,89.6,#N/A,#N/A,#N/A,#N/A,#N/A
228,Mayank Markande,Indian,Bowler,_,-,-,-,-,-,#N/A,#N/A,#N/A,#N/A,#N/A,#N/A,#N/A,#N/A,#N/A,#N/A
79,Mayank Yadav,Indian,Bowler,"https://img1.hscicdn.com/image/upload/f_auto,t_h_100/lsci/db/PICTURES/CMS/373900/373904.1.png",50,25,2,0,2,#N/A,#N/A,#N/A,#N/A,#N/A,50,25,2,2,3.1
40,Mitchell Marsh,Overseas,All Rounder,"https://img1.hscicdn.com/image/upload/f_auto,t_h_100/lsci/db/PICTURES/CMS/385700/385798.1.png",502.3,38.6,13,627,,502.3,38.6,13,627,623.4,#N/A,#N/A,#N/A,#N/A,#N/A
228,Mitchell Owen,Overseas,Not Specified,"https://img1.hscicdn.com/image/upload/f_auto,t_h_100/lsci/db/PICTURES/CMS/393100/393175.2.png",-4.6,-4.6,1,0,,-4.6,-4.6,1,0,-1.8,#N/A,#N/A,#N/A,#N/A,#N/A
81,Mitchell Santner,Overseas,All Rounder,"https://img1.hscicdn.com/image/upload/f_auto,t_h_100/lsci/db/PICTURES/CMS/383100/383180.1.png",254.7,19.5,13,40,10,-0.4,-0.1,8,40,28.4,255.1,19.6,13,10,10.8
29,Mitchell Starc,Overseas,Bowler,"https://img1.hscicdn.com/image/upload/f_auto,t_h_100/lsci/db/PICTURES/CMS/390900/390978.5.png",312.5,28.4,11,6,14,-5.6,-1,6,6,-3.7,318,31.8,10,14,17.5
132,Moeen Ali,Overseas,All Rounder,"https://img1.hscicdn.com/image/upload/f_auto,t_h_100/lsci/db/PICTURES/CMS/383100/383142.1.png",150,25,6,5,6,-14.9,-7.5,2,5,-2.2,164.9,32.9,5,6,9.5
57,Mohammed Shami,Indian,Bowler,"https://img1.hscicdn.com/image/upload/f_auto,t_h_100/lsci/db/PICTURES/CMS/390300/390351.5.png",116.9,12.9,9,10,6,11.5,2.8,4,10,9,105.3,11.7,9,6,7.5
99,Mohammed Siraj,Indian,Bowler,"https://img1.hscicdn.com/image/upload/f_auto,t_h_100/lsci/db/PICTURES/CMS/322600/322611.1.png",488.9,32.5,15,3,16,2,2,1,3,3,486.9,32.4,15,16,20.6
210,Mohit Rathee,Indian,Not Specified,_,-,-,-,-,-,#N/A,#N/A,#N/A,#N/A,#N/A,#N/A,#N/A,#N/A,#N/A,#N/A
45,Mohit Sharma,Indian,Bowler,"https://img1.hscicdn.com/image/upload/f_auto,t_h_100/lsci/db/PICTURES/CMS/316700/316702.2.png",85.5,10.6,8,1,2,-0.9,-0.5,2,1,-1.3,86.3,10.7,8,2,2.8
66,Mohsin Khan,Indian,Bowler,_,-,-,-,-,-,#N/A,#N/A,#N/A,#N/A,#N/A,#N/A,#N/A,#N/A,#N/A,#N/A
90,MS Dhoni,Indian,WK,"https://img1.hscicdn.com/image/upload/f_auto,t_h_100/lsci/db/PICTURES/CMS/319900/319946.3.png",101.8,7.2,14,196,,101.8,7.8,13,196,167.1,#N/A,#N/A,#N/A,#N/A,#N/A
228,Mujeeb Ur Rahman,Overseas,Bowler,"https://img1.hscicdn.com/image/upload/f_auto,t_h_100/lsci/db/PICTURES/CMS/383200/383240.1.png",8.1,8.1,1,0,1,#N/A,#N/A,#N/A,#N/A,#N/A,8.1,8.1,1,1,1.3
120,Mukesh Choudhary,Indian,Bowler,"https://img1.hscicdn.com/image/upload/f_auto,t_h_100/lsci/db/PICTURES/CMS/398600/398614.5.png",12.2,6.1,2,0,1,#N/A,#N/A,#N/A,#N/A,#N/A,12.2,6.1,2,1,1.5
77,Mukesh Kumar,Indian,Bowler,"https://img1.hscicdn.com/image/upload/f_auto,t_h_100/lsci/db/PICTURES/CMS/373900/373907.1.png",240.3,20,12,0,12,#N/A,#N/A,#N/A,#N/A,#N/A,240.3,20,12,12,13
197,Musheer Khan,Indian,Not Specified,"https://img1.hscicdn.com/image/upload/f_auto,t_h_100/lsci/db/PICTURES/CMS/392100/392178.2.png",-3.4,-3.4,1,0,1,-3.1,-3.1,1,0,-2.3,-0.3,-0.3,1,1,0.6
228,Mustafizur Rahman,Overseas,Bowler,"https://img1.hscicdn.com/image/upload/f_auto,t_h_100/lsci/db/PICTURES/CMS/319700/319734.3.png",147.4,49.1,3,0,4,#N/A,#N/A,#N/A,#N/A,#N/A,147.4,49.1,3,4,6
122,Naman Dhir,Indian,Batter,"https://img1.hscicdn.com/image/upload/f_auto,t_h_100/lsci/db/PICTURES/CMS/381300/381384.1.png",285.5,17.8,16,252,,261.1,21.7,12,252,276.8,#N/A,#N/A,#N/A,#N/A,#N/A
119,Nathan Ellis,Overseas,Bowler,"https://img1.hscicdn.com/image/upload/f_auto,t_h_100/lsci/db/PICTURES/CMS/329700/329711.2.png",10.4,10.4,1,0,1,#N/A,#N/A,#N/A,#N/A,#N/A,10.4,10.4,1,1,1
69,Nehal Wadhera,Indian,Batter,"https://img1.hscicdn.com/image/upload/f_auto,t_h_100/lsci/db/PICTURES/CMS/381300/381388.1.png",273.8,17.1,16,369,,274.1,18.2,15,369,353.9,#N/A,#N/A,#N/A,#N/A,#N/A
12,Nicholas Pooran,Overseas,Batter,"https://img1.hscicdn.com/image/upload/f_auto,t_h_100/lsci/db/PICTURES/CMS/320100/320109.2.png",557.8,39.8,14,524,,557.8,39.8,14,524,566.5,#N/A,#N/A,#N/A,#N/A,#N/A
190,Nishant Sindhu,Indian,Not Specified,_,-,-,-,-,-,#N/A,#N/A,#N/A,#N/A,#N/A,#N/A,#N/A,#N/A,#N/A,#N/A
56,Nitish Kumar Reddy,Indian,All Rounder,"https://img1.hscicdn.com/image/upload/f_auto,t_h_100/lsci/db/PICTURES/CMS/390600/390655.2.png",112.3,8.6,13,182,2,62.1,5.6,11,182,141.5,50.1,16.7,3,2,2
95,Nitish Rana,Indian,Batter,"https://img1.hscicdn.com/image/upload/f_auto,t_h_100/lsci/db/PICTURES/CMS/323000/323054.1.png",229.1,20.8,11,217,,221.6,20.1,11,217,231.4,#N/A,#N/A,#N/A,#N/A,#N/A
86,Noor Ahmad,Overseas,Bowler,"https://img1.hscicdn.com/image/upload/f_auto,t_h_100/lsci/db/PICTURES/CMS/383200/383239.1.png",568.6,40.6,14,7,24,-3.5,-0.6,6,7,-2.6,572,40.8,14,24,29.6
52,Nuwan Thushara,Overseas,Bowler,"https://img1.hscicdn.com/image/upload/f_auto,t_h_100/lsci/db/PICTURES/CMS/381300/381395.7.png",63.8,63.8,1,0,1,#N/A,#N/A,#N/A,#N/A,#N/A,63.8,63.8,1,1,1.2
10,Pat Cummins,Overseas,Bowler,"https://img1.hscicdn.com/image/upload/f_auto,t_h_100/lsci/db/PICTURES/CMS/390900/390954.5.png",536.8,38.3,14,97,16,113.2,12.5,9,97,110.5,423.6,30.2,14,16,20.9
24,Phil Salt,Overseas,Batter,"https://img1.hscicdn.com/image/upload/f_auto,t_h_100/lsci/db/PICTURES/CMS/383100/383141.1.png",454.3,34.9,13,403,,454.3,34.9,13,403,442.5,#N/A,#N/A,#N/A,#N/A,#N/A
80,Prabhsimran Singh,Indian,Batter,"https://img1.hscicdn.com/image/upload/f_auto,t_h_100/lsci/db/PICTURES/CMS/358000/358040.1.png",494.1,29,17,549,,494.1,29,17,549,552.3,#N/A,#N/A,#N/A,#N/A,#N/A
124,Prasidh Krishna,Indian,Bowler,"https://img1.hscicdn.com/image/upload/f_auto,t_h_100/lsci/db/PICTURES/CMS/389500/389549.5.png",619.9,41.3,15,0,25,#N/A,#N/A,#N/A,#N/A,#N/A,619.9,41.3,15,25,27.4
228,Praveen Dubey,Indian,Not Specified,"https://img1.hscicdn.com/image/upload/f_auto,t_h_100/lsci/db/PICTURES/CMS/398600/398622.4.png",28.5,28.5,1,0,1,#N/A,#N/A,#N/A,#N/A,#N/A,28.5,28.5,1,1,1.4
149,Pravin Dubey,Indian,Not Specified,_,-,-,-,-,-,#N/A,#N/A,#N/A,#N/A,#N/A,#N/A,#N/A,#N/A,#N/A,#N/A
201,Prince Yadav,Indian,Not Specified,"https://img1.hscicdn.com/image/upload/f_auto,t_h_100/lsci/db/PICTURES/CMS/398600/398611.5.png",127,21.1,6,5,3,2.4,1.2,2,5,5,124.6,20.7,6,3,4.1
217,Priyansh Arya,Indian,Batter,"https://img1.hscicdn.com/image/upload/f_auto,t_h_100/lsci/db/PICTURES/CMS/391700/391706.2.png",573.3,33.7,17,475,,573.3,33.7,17,475,542.1,#N/A,#N/A,#N/A,#N/A,#N/A
211,Pyla Avinash,Indian,Not Specified,_,-,-,-,-,-,#N/A,#N/A,#N/A,#N/A,#N/A,#N/A,#N/A,#N/A,#N/A,#N/A
103,Quinton de Kock,Overseas,WK,"https://img1.hscicdn.com/image/upload/f_auto,t_h_100/lsci/db/PICTURES/CMS/316600/316668.1.png",119.5,14.9,8,152,,119.5,14.9,8,152,149.9,#N/A,#N/A,#N/A,#N/A,#N/A
59,Rachin Ravindra,Overseas,All Rounder,"https://img1.hscicdn.com/image/upload/f_auto,t_h_100/lsci/db/PICTURES/CMS/383100/383182.1.png",140,17.5,8,191,,140,17.5,8,191,189.2,#N/A,#N/A,#N/A,#N/A,#N/A
139,Rahmanullah Gurbaz,Overseas,Batter,"https://img1.hscicdn.com/image/upload/f_auto,t_h_100/lsci/db/PICTURES/CMS/383200/383237.1.png",54.6,10.9,5,74,,54.6,10.9,5,74,68.7,#N/A,#N/A,#N/A,#N/A,#N/A
131,Rahul Chahar,Indian,Bowler,"https://img1.hscicdn.com/image/upload/f_auto,t_h_100/lsci/db/PICTURES/CMS/331100/331166.1.png",0.9,0.9,1,0,,#N/A,#N/A,#N/A,#N/A,#N/A,#N/A,#N/A,#N/A,#N/A,#N/A
41,Rahul Tewatia,Indian,All Rounder,"https://img1.hscicdn.com/image/upload/f_auto,t_h_100/lsci/db/PICTURES/CMS/322200/322269.1.png",78.1,5.2,15,99,,78.1,6.5,12,99,88.5,#N/A,#N/A,#N/A,#N/A,#N/A
137,Rahul Tripathi,Indian,Batter,"https://img1.hscicdn.com/image/upload/f_auto,t_h_100/lsci/db/PICTURES/CMS/356800/356821.5.png",24.1,4.8,5,55,,24.1,4.8,5,55,45.9,#N/A,#N/A,#N/A,#N/A,#N/A
143,Raj Bawa,Indian,Batter,"https://img1.hscicdn.com/image/upload/f_auto,t_h_100/lsci/db/PICTURES/CMS/339100/339156.2.png",6.4,2.1,3,8,,6.4,6.4,1,8,7.6,#N/A,#N/A,#N/A,#N/A,#N/A
38,Rajat Patidar,Indian,Batter,"https://img1.hscicdn.com/image/upload/f_auto,t_h_100/lsci/db/PICTURES/CMS/390500/390563.2.png",201.8,13.4,15,312,,201.8,14.4,14,312,279.8,#N/A,#N/A,#N/A,#N/A,#N/A
145,Rajvardhan Hangargekar,Indian,Not Specified,_,-,-,-,-,-,#N/A,#N/A,#N/A,#N/A,#N/A,#N/A,#N/A,#N/A,#N/A,#N/A
185,Ramakrishna Ghosh,Indian,Not Specified,_,-,-,-,-,-,#N/A,#N/A,#N/A,#N/A,#N/A,#N/A,#N/A,#N/A,#N/A,#N/A
179,Ramandeep Singh,Indian,All Rounder,"https://img1.hscicdn.com/image/upload/f_auto,t_h_100/lsci/db/PICTURES/CMS/380600/380670.5.png",35.9,3.2,11,47,,35.9,5.1,7,47,43.8,#N/A,#N/A,#N/A,#N/A,#N/A
1,Rashid Khan,Overseas,All Rounder,"https://img1.hscicdn.com/image/upload/f_auto,t_h_100/lsci/db/PICTURES/CMS/383200/383228.1.png",322.2,21.4,15,40,9,33.3,33.3,8,40,40,288.9,19.2,15,9,10.2
178,Rasikh Salam,Indian,Batter,"https://img1.hscicdn.com/image/upload/f_auto,t_h_100/lsci/db/PICTURES/CMS/341000/341040.1.png",12.1,6,2,0,1,#N/A,#N/A,#N/A,#N/A,#N/A,12.1,6,2,1,0.9
9,Ravi Bishnoi,Indian,Bowler,"https://img1.hscicdn.com/image/upload/f_auto,t_h_100/lsci/db/PICTURES/CMS/337100/337188.1.png",186.3,16.9,11,13,9,4,1.3,3,13,8.9,182.2,16.5,11,9,12.2
53,Ravichandran Ashwin,Indian,All Rounder,"https://img1.hscicdn.com/image/upload/f_auto,t_h_100/lsci/db/PICTURES/CMS/393300/393315.2.png",177.1,19.6,9,33,7,6.9,1.7,4,33,29.7,170.2,18.9,9,7,10.3
11,Ravindra Jadeja,Indian,All Rounder,"https://img1.hscicdn.com/image/upload/f_auto,t_h_100/lsci/db/PICTURES/CMS/316600/316600.2.png",437.3,31.2,14,301,10,174.4,12.4,14,301,275.9,262.9,18.7,14,10,12
110,Reece Topley,Overseas,Bowler,"https://img1.hscicdn.com/image/upload/f_auto,t_h_100/lsci/db/PICTURES/CMS/383100/383150.1.png",-5.5,-5.5,1,0,,#N/A,#N/A,#N/A,#N/A,#N/A,#N/A,#N/A,#N/A,#N/A,#N/A
228,Richard Gleeson,Overseas,Bowler,"https://img1.hscicdn.com/image/upload/f_auto,t_h_100/lsci/db/PICTURES/CMS/324200/324238.1.png",27.9,27.9,1,0,1,#N/A,#N/A,#N/A,#N/A,#N/A,27.9,27.9,1,1,1.3
61,Rinku Singh,Indian,Batter,"https://img1.hscicdn.com/image/upload/f_auto,t_h_100/lsci/db/PICTURES/CMS/341000/341043.1.png",184.7,14.2,13,206,,184.7,16.7,11,206,206.7,#N/A,#N/A,#N/A,#N/A,#N/A
2,Rishabh Pant,Indian,WK,"https://img1.hscicdn.com/image/upload/f_auto,t_h_100/lsci/db/PICTURES/CMS/323000/323036.1.png",123.5,8.8,14,269,,123.5,9.5,13,269,227.5,#N/A,#N/A,#N/A,#N/A,#N/A
30,Riyan Parag,Indian,WK,"https://img1.hscicdn.com/image/upload/f_auto,t_h_100/lsci/db/PICTURES/CMS/370900/370935.1.png",482.7,34.4,14,393,3,362.7,25.9,14,393,429.6,119.9,13.3,9,3,3.9
218,Robin Minz,Indian,Batter,https://www.espncricinfo.com/cricketers/robin-minz-1350762,-19.8,-9.9,2,6,,-19.8,-9.9,2,6,-5.3,#N/A,#N/A,#N/A,#N/A,#N/A
35,Rohit Sharma,Indian,Batter,"https://img1.hscicdn.com/image/upload/f_auto,t_h_100/lsci/db/PICTURES/CMS/385800/385819.2.png",329.1,21.9,15,418,,329.1,21.9,15,418,415.8,#N/A,#N/A,#N/A,#N/A,#N/A
130,Romario Shepherd,Overseas,All Rounder,"https://img1.hscicdn.com/image/upload/f_auto,t_h_100/lsci/db/PICTURES/CMS/322000/322037.1.png",276.7,34.5,8,70,6,120,40,3,70,91.3,156.6,22.3,7,6,8
93,Rovman Powell,Overseas,All Rounder,"https://img1.hscicdn.com/image/upload/f_auto,t_h_100/lsci/db/PICTURES/CMS/322100/322172.1.png",-0.1,-0.1,2,5,,-0.1,-0.1,1,5,2.8,#N/A,#N/A,#N/A,#N/A,#N/A
3,Ruturaj Gaikwad,Indian,Batter,"https://img1.hscicdn.com/image/upload/f_auto,t_h_100/lsci/db/PICTURES/CMS/322200/322236.1.png",142.4,28.4,5,122,,142.4,28.4,5,122,135.3,#N/A,#N/A,#N/A,#N/A,#N/A
82,Ryan Rickelton,Overseas,Batter,"https://img1.hscicdn.com/image/upload/f_auto,t_h_100/lsci/db/PICTURES/CMS/366300/366321.1.png",359.8,25.7,14,388,,359.8,25.7,14,388,409.9,#N/A,#N/A,#N/A,#N/A,#N/A
158,Sachin Baby,Indian,Batter,"https://img1.hscicdn.com/image/upload/f_auto,t_h_100/lsci/db/PICTURES/CMS/281000/281081.3.png",0,0,1,0,,#N/A,#N/A,#N/A,#N/A,#N/A,#N/A,#N/A,#N/A,#N/A,#N/A
128,Sai Kishore,Indian,Bowler,"https://img1.hscicdn.com/image/upload/f_auto,t_h_100/lsci/db/PICTURES/CMS/362500/362558.6.png",439.8,29.3,15,5,19,1.9,0.6,3,5,4.4,437.8,29.1,15,19,22.3
31,Sai Sudharsan,Indian,Batter,"https://img1.hscicdn.com/image/upload/f_auto,t_h_100/lsci/db/PICTURES/CMS/390600/390648.2.png",641.2,42.7,15,759,,641.2,42.7,15,759,756.5,#N/A,#N/A,#N/A,#N/A,#N/A
47,Sam Curran,Overseas,All Rounder,"https://img1.hscicdn.com/image/upload/f_auto,t_h_100/lsci/db/PICTURES/CMS/383100/383153.1.png",67.4,13.4,5,114,1,46.8,9.3,5,114,115.5,20.5,4.1,5,1,1.8
164,Sameer Rizvi,Indian,Batter,"https://img1.hscicdn.com/image/upload/f_auto,t_h_100/lsci/db/PICTURES/CMS/397400/397425.4.png",126.4,25.2,5,121,,126.4,31.6,4,121,127.4,#N/A,#N/A,#N/A,#N/A,#N/A
96,Sandeep Sharma,Indian,Bowler,"https://img1.hscicdn.com/image/upload/f_auto,t_h_100/lsci/db/PICTURES/CMS/323000/323055.1.png",278.9,27.8,10,6,9,4,4,1,6,6,274.9,27.4,10,9,11.4
21,Sanju Samson,Indian,WK,"https://img1.hscicdn.com/image/upload/f_auto,t_h_100/lsci/db/PICTURES/CMS/322700/322701.1.png",209.5,23.2,9,285,,209.5,23.2,9,285,276.3,#N/A,#N/A,#N/A,#N/A,#N/A
205,Satyanarayana Raju,Indian,Not Specified,https://www.espncricinfo.com/cricketers/satyanarayana-raju-1392201,-5.6,-2.8,2,1,1,0.5,0.5,1,1,0.7,-6.1,-3.1,2,1,0.6
228,Sediqullah Atal,Indian,Not Specified,"https://img1.hscicdn.com/image/upload/f_auto,t_h_100/lsci/db/PICTURES/CMS/390600/390614.2.png",15.3,15.3,1,22,,15.3,15.3,1,22,20,#N/A,#N/A,#N/A,#N/A,#N/A
129,Shahbaz Ahmed,Indian,Bowler,"https://img1.hscicdn.com/image/upload/f_auto,t_h_100/lsci/db/PICTURES/CMS/340300/340313.1.png",15.9,5.3,3,9,1,-3,-3,1,9,3,18.9,6.3,3,1,0.8
121,Shahrukh Khan,Indian,Batter,_,-,-,-,-,-,#N/A,#N/A,#N/A,#N/A,#N/A,#N/A,#N/A,#N/A,#N/A,#N/A
220,Shaik Rasheed,Indian,Batter,"https://img1.hscicdn.com/image/upload/f_auto,t_h_100/lsci/db/PICTURES/CMS/345000/345086.1.png",27.9,5.5,5,71,,27.9,5.5,5,71,53.8,#N/A,#N/A,#N/A,#N/A,#N/A
160,Shamar Joseph,Overseas,Bowler,_,-,-,-,-,-,#N/A,#N/A,#N/A,#N/A,#N/A,#N/A,#N/A,#N/A,#N/A,#N/A
228,Shardul Thakur,Indian,Bowler,"https://img1.hscicdn.com/image/upload/f_auto,t_h_100/lsci/db/PICTURES/CMS/322600/322696.1.png",316.5,31.6,10,18,13,14.2,2.8,5,18,14.7,302.3,30.2,10,13,18
88,Shashank Singh,Indian,Batter,"https://img1.hscicdn.com/image/upload/f_auto,t_h_100/lsci/db/PICTURES/CMS/380600/380696.1.png",278.3,16.3,17,350,,274.1,19.5,14,350,332.1,#N/A,#N/A,#N/A,#N/A,#N/A
163,Sherfane Rutherford,Overseas,Batter,"https://img1.hscicdn.com/image/upload/f_auto,t_h_100/lsci/db/PICTURES/CMS/322100/322173.1.png",199.4,15.3,13,291,,199.4,18.1,11,291,250.2,#N/A,#N/A,#N/A,#N/A,#N/A
73,Shimron Hetmyer,Overseas,Batter,"https://img1.hscicdn.com/image/upload/f_auto,t_h_100/lsci/db/PICTURES/CMS/320100/320116.1.png",146.5,10.4,14,239,,146.5,11.2,13,239,215.6,#N/A,#N/A,#N/A,#N/A,#N/A
32,Shivam Dube,Indian,All Rounder,"https://img1.hscicdn.com/image/upload/f_auto,t_h_100/lsci/db/PICTURES/CMS/383700/383773.1.png",246.8,17.6,14,357,,256.7,18.3,14,357,339.5,#N/A,#N/A,#N/A,#N/A,#N/A
166,Shreyas Gopal,Indian,Bowler,_,-,-,-,-,-,#N/A,#N/A,#N/A,#N/A,#N/A,#N/A,#N/A,#N/A,#N/A,#N/A
16,Shreyas Iyer,Indian,Batter,"https://img1.hscicdn.com/image/upload/f_auto,t_h_100/lsci/db/PICTURES/CMS/323000/323035.1.png",590.8,34.7,17,604,,590.8,34.7,17,604,630.7,#N/A,#N/A,#N/A,#N/A,#N/A
167,Shubham Dubey,Indian,Batter,"https://img1.hscicdn.com/image/upload/f_auto,t_h_100/lsci/db/PICTURES/CMS/398200/398224.5.png",48.6,6,8,106,,48.6,6,8,106,88.3,#N/A,#N/A,#N/A,#N/A,#N/A
20,Shubman Gill,Indian,Batter,"https://img1.hscicdn.com/image/upload/f_auto,t_h_100/lsci/db/PICTURES/CMS/398500/398534.2.png",602.9,40.1,15,650,,602.9,40.1,15,650,666.2,#N/A,#N/A,#N/A,#N/A,#N/A
165,Simarjeet Singh,Indian,Bowler,"https://img1.hscicdn.com/image/upload/f_auto,t_h_100/lsci/db/PICTURES/CMS/399200/399249.2.png",-13.3,-3.4,4,3,2,-3.2,-1.1,3,3,-3.3,-10.1,-2.6,4,2,1.8
175,Spencer Johnson,Overseas,Bowler,"https://img1.hscicdn.com/image/upload/f_auto,t_h_100/lsci/db/PICTURES/CMS/390900/390920.2.png",-5.9,-1.5,4,2,1,-0.5,-0.3,2,2,-0.3,-5.4,-1.4,4,1,0.4
39,Sunil Narine,Overseas,All Rounder,"https://img1.hscicdn.com/image/upload/f_auto,t_h_100/lsci/db/PICTURES/CMS/320100/320119.1.png",626.5,52.2,12,246,12,254.8,21.2,12,246,258.4,371.6,30.9,12,12,15.1
14,Suryakumar Yadav,Indian,Batter,"https://img1.hscicdn.com/image/upload/f_auto,t_h_100/lsci/db/PICTURES/CMS/331100/331163.1.png",653.3,40.8,16,717,,653.3,40.8,16,717,733.6,#N/A,#N/A,#N/A,#N/A,#N/A
151,Suryansh Shedge,Indian,Not Specified,"https://img1.hscicdn.com/image/upload/f_auto,t_h_100/lsci/db/PICTURES/CMS/393100/393181.2.png",-7.8,-1.6,5,7,,0.2,0,3,7,4.7,#N/A,#N/A,#N/A,#N/A,#N/A
180,Suyash Sharma,Indian,Bowler,"https://img1.hscicdn.com/image/upload/f_auto,t_h_100/lsci/db/PICTURES/CMS/358000/358041.1.png",302.1,21.5,14,0,8,#N/A,#N/A,#N/A,#N/A,#N/A,302.1,21.5,14,8,11
176,Swapnil Singh,Indian,Not Specified,_,-,-,-,-,-,#N/A,#N/A,#N/A,#N/A,#N/A,#N/A,#N/A,#N/A,#N/A,#N/A
226,Swastik Chikara,Indian,Not Specified,_,-,-,-,-,-,#N/A,#N/A,#N/A,#N/A,#N/A,#N/A,#N/A,#N/A,#N/A,#N/A
136,T Natarajan,Indian,Bowler,"https://img1.hscicdn.com/image/upload/f_auto,t_h_100/lsci/db/PICTURES/CMS/322600/322699.1.png",-19.4,-9.7,2,0,,#N/A,#N/A,#N/A,#N/A,#N/A,#N/A,#N/A,#N/A,#N/A,#N/A
17,Tilak Varma,Indian,Batter,"https://img1.hscicdn.com/image/upload/f_auto,t_h_100/lsci/db/PICTURES/CMS/381300/381391.1.png",195.2,12.2,16,343,,195.2,15,13,343,311.6,#N/A,#N/A,#N/A,#N/A,#N/A
138,Tim David,Overseas,Batter,"https://img1.hscicdn.com/image/upload/f_auto,t_h_100/lsci/db/PICTURES/CMS/340300/340305.1.png",223.2,18.6,12,187,,223.2,24.8,9,187,216.9,#N/A,#N/A,#N/A,#N/A,#N/A
6,Travis Head,Overseas,Batter,"https://img1.hscicdn.com/image/upload/f_auto,t_h_100/lsci/db/PICTURES/CMS/321500/321584.2.png",315.8,24.2,13,374,,315.8,26.3,12,374,376.1,#N/A,#N/A,#N/A,#N/A,#N/A
55,Trent Boult,Overseas,Bowler,"https://img1.hscicdn.com/image/upload/f_auto,t_h_100/lsci/db/PICTURES/CMS/383100/383185.1.png",487.3,30.4,16,2,22,-1.1,-0.6,2,2,-0.3,488.4,30.5,16,22,28
189,Tripurana Vijay,Indian,Not Specified,_,-,-,-,-,-,#N/A,#N/A,#N/A,#N/A,#N/A,#N/A,#N/A,#N/A,#N/A,#N/A
42,Tristan Stubbs,Overseas,Batter,"https://img1.hscicdn.com/image/upload/f_auto,t_h_100/lsci/db/PICTURES/CMS/348500/348577.1.png",260.7,18.6,14,300,,284.2,21.8,13,300,312.2,#N/A,#N/A,#N/A,#N/A,#N/A
48,Tushar Deshpande,Indian,Bowler,"https://img1.hscicdn.com/image/upload/f_auto,t_h_100/lsci/db/PICTURES/CMS/398600/398605.png",225.6,22.5,10,7,9,3.7,0.9,4,7,4.2,221.9,22.1,10,9,10.9
177,Umran Malik,Indian,Bowler,_,-,-,-,-,-,#N/A,#N/A,#N/A,#N/A,#N/A,#N/A,#N/A,#N/A,#N/A,#N/A
228,Urvil Patel,Indian,Not Specified,"https://img1.hscicdn.com/image/upload/f_auto,t_h_100/lsci/db/PICTURES/CMS/391800/391896.2.png",97.7,32.5,3,68,,97.7,32.5,3,68,83.3,#N/A,#N/A,#N/A,#N/A,#N/A
92,Vaibhav Arora,Indian,Bowler,"https://img1.hscicdn.com/image/upload/f_auto,t_h_100/lsci/db/PICTURES/CMS/389500/389547.5.png",386.8,32.2,12,0,17,-2.5,-1.3,2,0,-3.6,389.3,32.4,12,17,21.9
169,Vaibhav Suryavanshi,Indian,Batter,"https://img1.hscicdn.com/image/upload/f_auto,t_h_100/lsci/db/PICTURES/CMS/398200/398221.5.png",285.1,40.7,7,252,,285.1,40.7,7,252,278.2,#N/A,#N/A,#N/A,#N/A,#N/A
192,Vansh Bedi,Indian,Not Specified,_,-,-,-,-,-,#N/A,#N/A,#N/A,#N/A,#N/A,#N/A,#N/A,#N/A,#N/A,#N/A
8,Varun Chakravarthy,Indian,Bowler,"https://img1.hscicdn.com/image/upload/f_auto,t_h_100/lsci/db/PICTURES/CMS/331100/331167.1.png",457.6,35.2,13,1,17,0.4,0.4,1,1,0.6,457.1,35.1,13,17,20.9
37,Venkatesh Iyer,Indian,All Rounder,"https://img1.hscicdn.com/image/upload/f_auto,t_h_100/lsci/db/PICTURES/CMS/337100/337187.1.png",98.5,8.9,11,142,,98.5,14,7,142,130.5,#N/A,#N/A,#N/A,#N/A,#N/A
183,Vignesh Puthur,Indian,Bowler,https://www.espncricinfo.com/cricketers/vignesh-puthur-1460388,121.6,24.3,5,0,6,#N/A,#N/A,#N/A,#N/A,#N/A,121.6,24.3,5,6,7.5
171,Vijay Shankar,Indian,All Rounder,"https://img1.hscicdn.com/image/upload/f_auto,t_h_100/lsci/db/PICTURES/CMS/322600/322613.1.png",99.7,16.6,6,118,,99.7,19.9,5,118,119.7,#N/A,#N/A,#N/A,#N/A,#N/A
228,Vijaykumar Vyshak,Indian,Bowler,"https://img1.hscicdn.com/image/upload/f_auto,t_h_100/lsci/db/PICTURES/CMS/390600/390654.2.png",157.1,31.4,5,0,4,#N/A,#N/A,#N/A,#N/A,#N/A,157.1,31.4,5,4,6.1
184,Vipraj Nigam,Indian,Bowler,"https://img1.hscicdn.com/image/upload/f_auto,t_h_100/lsci/db/PICTURES/CMS/397400/397429.4.png",489.1,34.9,14,142,11,195.4,24.4,8,142,173.3,293.7,22.5,13,11,13.9
7,Virat Kohli,Indian,Batter,"https://img1.hscicdn.com/image/upload/f_auto,t_h_100/lsci/db/PICTURES/CMS/316600/316605.3.png",549.7,36.6,15,657,,549.7,36.6,15,657,656.5,#N/A,#N/A,#N/A,#N/A,#N/A
157,Vishnu Vinod,Indian,Not Specified,_,-,-,-,-,-,#N/A,#N/A,#N/A,#N/A,#N/A,#N/A,#N/A,#N/A,#N/A,#N/A
112,Vyshak Vijaykumar,Indian,Bowler,_,-,-,-,-,-,#N/A,#N/A,#N/A,#N/A,#N/A,#N/A,#N/A,#N/A,#N/A,#N/A
27,Wanindu Hasaranga,Overseas,Bowler,"https://img1.hscicdn.com/image/upload/f_auto,t_h_100/lsci/db/PICTURES/CMS/322900/322946.1.png",317.9,28.9,11,9,11,-10.4,-2.1,5,9,-0.1,328.3,29.8,11,11,13.7
75,Washington Sundar,Indian,All Rounder,"https://img1.hscicdn.com/image/upload/f_auto,t_h_100/lsci/db/PICTURES/CMS/322600/322619.1.png",164.5,27.4,6,133,2,109.4,21.8,5,133,135.6,55,11,5,2,2.3
228,Wiaan Mulder,Overseas,All Rounder,"https://img1.hscicdn.com/image/upload/f_auto,t_h_100/lsci/db/PICTURES/CMS/322000/322086.1.png",-7.4,-7.4,1,9,,-2.6,-2.6,1,9,3.6,#N/A,#N/A,#N/A,#N/A,#N/A
89,Will Jacks,Overseas,Batter,"https://img1.hscicdn.com/image/upload/f_auto,t_h_100/lsci/db/PICTURES/CMS/383100/383155.1.png",363.9,27.9,13,233,6,183.5,16.6,11,233,237.5,180.4,22.5,8,6,9.1
228,Will O'Rourke,Overseas,Bowler,"https://img1.hscicdn.com/image/upload/f_auto,t_h_100/lsci/db/PICTURES/CMS/400500/400557.2.png",155.1,51.7,3,0,6,#N/A,#N/A,#N/A,#N/A,#N/A,155.1,51.7,3,6,9.2
108,Xavier Bartlett,Overseas,Bowler,"https://img1.hscicdn.com/image/upload/f_auto,t_h_100/lsci/db/PICTURES/CMS/390700/390741.2.png",45.3,11.3,4,11,2,9.5,9.5,1,11,12.1,35.8,8.9,4,2,2.9
141,Yash Dayal,Indian,Bowler,"https://img1.hscicdn.com/image/upload/f_auto,t_h_100/lsci/db/PICTURES/CMS/387500/387586.4.png",359.1,23.9,15,4,13,1,0.3,3,4,2.3,358.1,23.8,15,13,17.2
170,Yash Thakur,Indian,Not Specified,"https://img1.hscicdn.com/image/upload/f_auto,t_h_100/lsci/db/PICTURES/CMS/392800/392812.2.png",14.6,7.3,2,0,1,#N/A,#N/A,#N/A,#N/A,#N/A,14.6,7.3,2,1,0.8
5,Yashasvi Jaiswal,Indian,Batter,"https://img1.hscicdn.com/image/upload/f_auto,t_h_100/lsci/db/PICTURES/CMS/340300/340309.1.png",567.9,40.5,14,559,,567.9,40.5,14,559,602.4,#N/A,#N/A,#N/A,#N/A,#N/A
213,Yudhvir Singh,Indian,Not Specified,"https://img1.hscicdn.com/image/upload/f_auto,t_h_100/lsci/db/PICTURES/CMS/314700/314789.jpg",84.9,21.2,4,0,4,#N/A,#N/A,#N/A,#N/A,#N/A,84.9,21.2,4,4,5.9
187,Yuvraj Chaudhary,Indian,Not Specified,_,-,-,-,-,-,#N/A,#N/A,#N/A,#N/A,#N/A,#N/A,#N/A,#N/A,#N/A,#N/A
34,Yuzvendra Chahal,Indian,Bowler,"https://img1.hscicdn.com/image/upload/f_auto,t_h_100/lsci/db/PICTURES/CMS/319900/319955.1.png",387.7,27.6,14,0,16,#N/A,#N/A,#N/A,#N/A,#N/A,387.7,29.8,13,16,18.7
202,Zeeshan Ansari,Indian,Not Specified,"https://img1.hscicdn.com/image/upload/f_auto,t_h_100/lsci/db/PICTURES/CMS/399200/399247.2.png",142.2,14.2,10,0,6,#N/A,#N/A,#N/A,#N/A,#N/A,142.2,14.2,10,6,8.1